"Guid","AL_Text_Rich_Custom_Any__c","AccountPicklist__c","AccountSource","AnnualRevenue","BillingCity","BillingCountry","BillingGeocodeAccuracy","BillingLatitude","BillingLongitude","BillingPostalCode","BillingState","BillingStreet","CHeckbox_new__c","Cust1__c","CustChekSchema__c","Custom_text_F__c","Description","External_ID__c","Fax","Field_New_2__c","Industry","Jigsaw","Name","Newemail_FIELD__c","NumberOfEmployees","Number_Any__c","ParentId","Phone","PicKListASNaf__c","Pick_Simple__c","Pick__c","SBQQ__AssetQuantitiesCombined__c","SBQQ__CoTermedContractsCombined__c","SBQQ__CoTerminationEvent__c","SBQQ__ContractCoTermination__c","SBQQ__IgnoreParentContractedPrices__c","SBQQ__PreserveBundle__c","SBQQ__PriceHoldEnd__c","SBQQ__RenewalModel__c","SBQQ__RenewalPricingMethod__c","SBQQ__TaxExempt__c","ShippingCity","ShippingCountry","ShippingGeocodeAccuracy","ShippingLatitude","ShippingLongitude","ShippingPostalCode","ShippingState","ShippingStreet","SicDesc","TestGeoLocation__Latitude__s","TestGeoLocation__Longitude__s","Test_Global_Picklist__c","Test_Multipicklist__c","Test_Picklist__c","TextFields2__c","Text_AL__c","Text_long__c","Textfield__c","Type","Website","new_cust__c","pick1__c"
00777da5-e1a9-40f4-8140-d26c13fea2f5,"#N/A",A,"#N/A","#N/A","#N/A","#N/A","#N/A","#N/A","#N/A","#N/A","#N/A","#N/A",false,"#N/A",false,"#N/A","#N/A","#N/A","#N/A","#N/A",Banking,"#N/A",Account_FfZqe,"#N/A",911,"#N/A","#N/A",5563345178,"#N/A","#N/A","#N/A",false,false,"#N/A",Never,false,true,"#N/A",Contract Based,Same,No,"#N/A","#N/A","#N/A","#N/A","#N/A","#N/A","#N/A","#N/A","#N/A","#N/A","#N/A",A,"#N/A","#N/A","#N/A","#N/A","#N/A","#N/A","#N/A",ytxlp.salesforce.com,false,"#N/A"
0667607c-02a4-48b9-bd34-a2c761468769,"#N/A",A,"#N/A","#N/A","#N/A","#N/A","#N/A","#N/A","#N/A","#N/A","#N/A","#N/A",false,"#N/A",false,"#N/A","#N/A","#N/A","#N/A","#N/A",Banking,"#N/A",Account_TFEyD,"#N/A",137,"#N/A","#N/A",7998919891,"#N/A","#N/A","#N/A",false,false,"#N/A",Never,false,true,"#N/A",Contract Based,Same,No,"#N/A","#N/A","#N/A","#N/A","#N/A","#N/A","#N/A","#N/A","#N/A","#N/A","#N/A",A,"#N/A","#N/A","#N/A","#N/A","#N/A","#N/A","#N/A",ccjyd.salesforce.com,false,"#N/A"
06e71c1a-c67b-46ad-b3f0-7bfcd0d7a810,"#N/A",A,"#N/A","#N/A","#N/A","#N/A","#N/A","#N/A","#N/A","#N/A","#N/A","#N/A",false,"#N/A",false,"#N/A","#N/A","#N/A","#N/A","#N/A",Banking,"#N/A",Account_AindK,"#N/A",388,"#N/A","#N/A",3125547403,"#N/A","#N/A","#N/A",false,false,"#N/A",Never,false,true,"#N/A",Contract Based,Same,No,"#N/A","#N/A","#N/A","#N/A","#N/A","#N/A","#N/A","#N/A","#N/A","#N/A","#N/A",A,"#N/A","#N/A","#N/A","#N/A","#N/A","#N/A","#N/A",axcuf.salesforce.com,false,"#N/A"
080ca8d2-eb1e-4949-8d58-0c77df297c9e,"#N/A",A,"#N/A","#N/A","#N/A","#N/A","#N/A","#N/A","#N/A","#N/A","#N/A","#N/A",false,"#N/A",false,"#N/A","#N/A","#N/A","#N/A","#N/A",Banking,"#N/A",Account_NjeUw,"#N/A",623,"#N/A","#N/A",9881323746,"#N/A","#N/A","#N/A",false,false,"#N/A",Never,false,true,"#N/A",Contract Based,Same,No,"#N/A","#N/A","#N/A","#N/A","#N/A","#N/A","#N/A","#N/A","#N/A","#N/A","#N/A",A,"#N/A","#N/A","#N/A","#N/A","#N/A","#N/A","#N/A",cwnai.salesforce.com,false,"#N/A"
0a7164dc-d6ef-4c07-a1cb-def693bfe2d2,"#N/A",A,"#N/A","#N/A","#N/A","#N/A","#N/A","#N/A","#N/A","#N/A","#N/A","#N/A",false,"#N/A",false,"#N/A","#N/A","#N/A","#N/A","#N/A",Banking,"#N/A",Account_OzWhp,"#N/A",729,"#N/A","#N/A",7547912925,"#N/A","#N/A","#N/A",false,false,"#N/A",Never,false,true,"#N/A",Contract Based,Same,No,"#N/A","#N/A","#N/A","#N/A","#N/A","#N/A","#N/A","#N/A","#N/A","#N/A","#N/A",A,"#N/A","#N/A","#N/A","#N/A","#N/A","#N/A","#N/A",qkoip.salesforce.com,false,"#N/A"
0ad69f11-becb-42c4-bbab-d687c90e0302,"#N/A",A,"#N/A","#N/A","#N/A","#N/A","#N/A","#N/A","#N/A","#N/A","#N/A","#N/A",false,"#N/A",false,"#N/A","#N/A","#N/A","#N/A","#N/A",Banking,"#N/A",Account_LSAbK,"#N/A",55,"#N/A","#N/A",1062795208,"#N/A","#N/A","#N/A",false,false,"#N/A",Never,false,true,"#N/A",Contract Based,Same,No,"#N/A","#N/A","#N/A","#N/A","#N/A","#N/A","#N/A","#N/A","#N/A","#N/A","#N/A",A,"#N/A","#N/A","#N/A","#N/A","#N/A","#N/A","#N/A",gyimm.salesforce.com,false,"#N/A"
0c05493d-eaf5-4777-93a3-7668eb3fdde8,"#N/A",A,"#N/A","#N/A","#N/A","#N/A","#N/A","#N/A","#N/A","#N/A","#N/A","#N/A",false,"#N/A",false,"#N/A","#N/A","#N/A","#N/A","#N/A",Banking,"#N/A",Account_zGrzm,"#N/A",3,"#N/A","#N/A",0354867749,"#N/A","#N/A","#N/A",false,false,"#N/A",Never,false,true,"#N/A",Contract Based,Same,No,"#N/A","#N/A","#N/A","#N/A","#N/A","#N/A","#N/A","#N/A","#N/A","#N/A","#N/A",A,"#N/A","#N/A","#N/A","#N/A","#N/A","#N/A","#N/A",czhaq.salesforce.com,false,"#N/A"
0e632d1a-4b28-4325-8054-f4f20f22a69e,"#N/A",A,"#N/A","#N/A","#N/A","#N/A","#N/A","#N/A","#N/A","#N/A","#N/A","#N/A",false,"#N/A",false,"#N/A","#N/A","#N/A","#N/A","#N/A",Banking,"#N/A",Account_CRLIM,"#N/A",294,"#N/A","#N/A",7673996138,"#N/A","#N/A","#N/A",false,false,"#N/A",Never,false,true,"#N/A",Contract Based,Same,No,"#N/A","#N/A","#N/A","#N/A","#N/A","#N/A","#N/A","#N/A","#N/A","#N/A","#N/A",A,"#N/A","#N/A","#N/A","#N/A","#N/A","#N/A","#N/A",skdzx.salesforce.com,false,"#N/A"
0f13b86a-7132-487a-bc7d-872d18e4ff64,"#N/A",A,"#N/A","#N/A","#N/A","#N/A","#N/A","#N/A","#N/A","#N/A","#N/A","#N/A",false,"#N/A",false,"#N/A","#N/A","#N/A","#N/A","#N/A",Banking,"#N/A",Account_mapCL,"#N/A",19,"#N/A","#N/A",0765463401,"#N/A","#N/A","#N/A",false,false,"#N/A",Never,false,true,"#N/A",Contract Based,Same,No,"#N/A","#N/A","#N/A","#N/A","#N/A","#N/A","#N/A","#N/A","#N/A","#N/A","#N/A",A,"#N/A","#N/A","#N/A","#N/A","#N/A","#N/A","#N/A",bpxrq.salesforce.com,false,"#N/A"
0fdbd84b-dbb5-4a6b-b070-f85ecaf07ab8,"#N/A",A,"#N/A","#N/A",Toronto,Canada,"#N/A","#N/A","#N/A",L4B 1Y3,Ontario,150 Chestnut Street,false,"#N/A",false,"#N/A","GBM is the worldwide leader in technology news and information on the Web and the producer of the longest-running and farthest-reaching television shows about technology. GBM's network of sites combines breakthrough interactive technology with engaging content and design and is consistently ranked as the Internet's leading content network in terms of both audience size and revenue, serving millions of users each day. The company's television programming is broadcast by the USA Network and the Sci-Fi Channel to more than 70 million households and is syndicated to broadcast television stations in the nation's top 120 markets, including the top 10 markets.","#N/A","#N/A","#N/A",Media,"#N/A",Global Media,"#N/A",14668,"#N/A","#N/A",(905) 555-1212,"#N/A","#N/A","#N/A",false,false,"#N/A","#N/A",false,true,"#N/A",Contract Based,"#N/A","#N/A",Toronto,Canada,"#N/A","#N/A","#N/A",L4B 1Y3,Ontario,150 Chestnut Street,"#N/A","#N/A","#N/A",A,"#N/A","#N/A","#N/A","#N/A","#N/A","#N/A",Prospect,"#N/A",false,"#N/A"
100ae63d-5d4e-4d8e-903a-b75a6f51b3f4,"#N/A",A,"#N/A",1.0E8,New York,USA,"#N/A","#N/A","#N/A",31349,NY,10 Main Rd.,false,"#N/A",false,"#N/A","#N/A","#N/A",(212) 555-5555,"#N/A",Manufacturing,"#N/A",Acme,"#N/A",680,"#N/A","#N/A",(212) 555-5555,"#N/A","#N/A","#N/A",false,false,"#N/A","#N/A",false,false,"#N/A","#N/A","#N/A","#N/A",New York,USA,"#N/A","#N/A","#N/A",31349,NY,10 Main Rd.,"#N/A","#N/A","#N/A",A,"#N/A","#N/A","#N/A","#N/A","#N/A","#N/A",Prospect,"#N/A",false,"#N/A"
105a31f2-f7e7-430c-988d-99e67b461003,"#N/A",A,"#N/A","#N/A","#N/A","#N/A","#N/A","#N/A","#N/A","#N/A","#N/A","#N/A",false,"#N/A",false,"#N/A","#N/A","#N/A","#N/A","#N/A",Banking,"#N/A",Account_XXYgl,"#N/A",239,"#N/A","#N/A",2771612519,"#N/A","#N/A","#N/A",false,false,"#N/A",Never,false,true,"#N/A",Contract Based,Same,No,"#N/A","#N/A","#N/A","#N/A","#N/A","#N/A","#N/A","#N/A","#N/A","#N/A","#N/A",A,"#N/A","#N/A","#N/A","#N/A","#N/A","#N/A","#N/A",nwzsb.salesforce.com,false,"#N/A"
1197b951-c7da-4530-be21-121bbb91e675,"#N/A",A,"#N/A","#N/A","#N/A","#N/A","#N/A","#N/A","#N/A","#N/A","#N/A","#N/A",false,"#N/A",false,"#N/A","#N/A","#N/A","#N/A","#N/A",Banking,"#N/A",Account_OOZrM,"#N/A",646,"#N/A","#N/A",7471452532,"#N/A","#N/A","#N/A",false,false,"#N/A",Never,false,true,"#N/A",Contract Based,Same,No,"#N/A","#N/A","#N/A","#N/A","#N/A","#N/A","#N/A","#N/A","#N/A","#N/A","#N/A",A,"#N/A","#N/A","#N/A","#N/A","#N/A","#N/A","#N/A",jlsqg.salesforce.com,false,"#N/A"
1add463f-6eee-4386-a7c5-72c343179acb,"#N/A",A,"#N/A","#N/A","#N/A","#N/A","#N/A","#N/A","#N/A","#N/A","#N/A","#N/A",false,"#N/A",false,"#N/A","#N/A","#N/A","#N/A","#N/A",Banking,"#N/A",Account_YVsUf,"#N/A",609,"#N/A","#N/A",6986176676,"#N/A","#N/A","#N/A",false,false,"#N/A",Never,false,true,"#N/A",Contract Based,Same,No,"#N/A","#N/A","#N/A","#N/A","#N/A","#N/A","#N/A","#N/A","#N/A","#N/A","#N/A",A,"#N/A","#N/A","#N/A","#N/A","#N/A","#N/A","#N/A",pqmsu.salesforce.com,false,"#N/A"
1b45301d-8473-4394-8019-8695fc846387,"#N/A",A,"#N/A","#N/A","#N/A","#N/A","#N/A","#N/A","#N/A","#N/A","#N/A","#N/A",false,"#N/A",false,"#N/A","#N/A","#N/A","#N/A","#N/A",Banking,"#N/A",Account_aoPlo,"#N/A",459,"#N/A","#N/A",8494671493,"#N/A","#N/A","#N/A",false,false,"#N/A",Never,false,true,"#N/A",Contract Based,Same,No,"#N/A","#N/A","#N/A","#N/A","#N/A","#N/A","#N/A","#N/A","#N/A","#N/A","#N/A",A,"#N/A","#N/A","#N/A","#N/A","#N/A","#N/A","#N/A",bvoph.salesforce.com,false,"#N/A"
1f054563-82a0-43c1-8723-633f9c583881,"#N/A",A,"#N/A","#N/A","#N/A","#N/A","#N/A","#N/A","#N/A","#N/A","#N/A","#N/A",false,"#N/A",false,"#N/A","#N/A","#N/A","#N/A","#N/A",Banking,"#N/A",Account_oqRnw,"#N/A",69,"#N/A","#N/A",3595902986,"#N/A","#N/A","#N/A",false,false,"#N/A",Never,false,true,"#N/A",Contract Based,Same,No,"#N/A","#N/A","#N/A","#N/A","#N/A","#N/A","#N/A","#N/A","#N/A","#N/A","#N/A",A,"#N/A","#N/A","#N/A","#N/A","#N/A","#N/A","#N/A",zvpng.salesforce.com,false,"#N/A"
1f51279f-9bd6-4237-ad19-153860a7e390,"#N/A",A,"#N/A","#N/A","#N/A","#N/A","#N/A","#N/A","#N/A","#N/A","#N/A","#N/A",false,"#N/A",false,"#N/A","#N/A","#N/A","#N/A","#N/A",Banking,"#N/A",Account_wCLQA,"#N/A",87,"#N/A","#N/A",3070379988,"#N/A","#N/A","#N/A",false,false,"#N/A",Never,false,true,"#N/A",Contract Based,Same,No,"#N/A","#N/A","#N/A","#N/A","#N/A","#N/A","#N/A","#N/A","#N/A","#N/A","#N/A",A,"#N/A","#N/A","#N/A","#N/A","#N/A","#N/A","#N/A",igkqm.salesforce.com,false,"#N/A"
1fa65139-5f2a-4c12-be86-e74a06507d82,"#N/A",A,"#N/A","#N/A","#N/A","#N/A","#N/A","#N/A","#N/A","#N/A","#N/A","#N/A",false,"#N/A",false,"#N/A","#N/A","#N/A","#N/A","#N/A","#N/A","#N/A",test11.14_EIDTED,"#N/A","#N/A","#N/A","#N/A","#N/A","#N/A","#N/A","#N/A",false,false,"#N/A",Never,false,true,"#N/A",Contract Based,Same,No,"#N/A","#N/A","#N/A","#N/A","#N/A","#N/A","#N/A","#N/A","#N/A","#N/A","#N/A",A,"#N/A","#N/A","#N/A","#N/A","#N/A","#N/A","#N/A","#N/A",false,"#N/A"
218a7645-68e8-4771-af03-7f78c4ff56f1,"#N/A",A,"#N/A","#N/A","#N/A","#N/A","#N/A","#N/A","#N/A","#N/A","#N/A","#N/A",false,"#N/A",false,"#N/A","#N/A","#N/A","#N/A","#N/A",Banking,"#N/A",Account_XzHyk,"#N/A",283,"#N/A","#N/A",9634578475,"#N/A","#N/A","#N/A",false,false,"#N/A",Never,false,true,"#N/A",Contract Based,Same,No,"#N/A","#N/A","#N/A","#N/A","#N/A","#N/A","#N/A","#N/A","#N/A","#N/A","#N/A",A,"#N/A","#N/A","#N/A","#N/A","#N/A","#N/A","#N/A",tfycs.salesforce.com,false,"#N/A"
2372ea06-a01e-49f0-9eb3-feb127d390ec,"#N/A",A,"#N/A","#N/A","#N/A","#N/A","#N/A","#N/A","#N/A","#N/A","#N/A","#N/A",false,"#N/A",false,"#N/A","#N/A","#N/A","#N/A","#N/A",Banking,"#N/A",Account_xOKoT,"#N/A",26,"#N/A","#N/A",6318863431,"#N/A","#N/A","#N/A",false,false,"#N/A",Never,false,true,"#N/A",Contract Based,Same,No,"#N/A","#N/A","#N/A","#N/A","#N/A","#N/A","#N/A","#N/A","#N/A","#N/A","#N/A",A,"#N/A","#N/A","#N/A","#N/A","#N/A","#N/A","#N/A",nulzg.salesforce.com,false,"#N/A"
24a0613b-e647-42fb-9af4-8f3bd49acd22,"#N/A",A,"#N/A","#N/A","#N/A","#N/A","#N/A","#N/A","#N/A","#N/A","#N/A","#N/A",false,"#N/A",false,"#N/A","#N/A","#N/A","#N/A","#N/A",Banking,"#N/A",Account_RDluE,"#N/A",278,"#N/A","#N/A",8039500091,"#N/A","#N/A","#N/A",false,false,"#N/A",Never,false,true,"#N/A",Contract Based,Same,No,"#N/A","#N/A","#N/A","#N/A","#N/A","#N/A","#N/A","#N/A","#N/A","#N/A","#N/A",A,"#N/A","#N/A","#N/A","#N/A","#N/A","#N/A","#N/A",yswge.salesforce.com,false,"#N/A"
28e4d4e4-6938-470e-947b-32093527165c,"#N/A",A,"#N/A","#N/A","#N/A","#N/A","#N/A","#N/A","#N/A","#N/A","#N/A","#N/A",false,"#N/A",false,"#N/A","#N/A","#N/A","#N/A","#N/A",Banking,"#N/A",Account_wCLQA,"#N/A",87,"#N/A","#N/A",3070379988,"#N/A","#N/A","#N/A",false,false,"#N/A",Never,false,true,"#N/A",Contract Based,Same,No,"#N/A","#N/A","#N/A","#N/A","#N/A","#N/A","#N/A","#N/A","#N/A","#N/A","#N/A",A,"#N/A","#N/A","#N/A","#N/A","#N/A","#N/A","#N/A",igkqm.salesforce.com,false,"#N/A"
29c5321d-effd-4e3d-ab39-39af5b44fdfd,"#N/A",A,"#N/A","#N/A","#N/A","#N/A","#N/A","#N/A","#N/A","#N/A","#N/A","#N/A",false,"#N/A",false,"#N/A","#N/A","#N/A","#N/A","#N/A",Banking,"#N/A",Account_RDluE,"#N/A",278,"#N/A","#N/A",8039500091,"#N/A","#N/A","#N/A",false,false,"#N/A",Never,false,true,"#N/A",Contract Based,Same,No,"#N/A","#N/A","#N/A","#N/A","#N/A","#N/A","#N/A","#N/A","#N/A","#N/A","#N/A",A,"#N/A","#N/A","#N/A","#N/A","#N/A","#N/A","#N/A",yswge.salesforce.com,false,"#N/A"
2cea8b3b-5e1b-4d3c-8852-3a5a28685e15,"#N/A",A,"#N/A","#N/A","#N/A","#N/A","#N/A","#N/A","#N/A","#N/A","#N/A","#N/A",false,"#N/A",false,"#N/A","#N/A","#N/A","#N/A","#N/A","#N/A","#N/A",vc_test_EDITED,"#N/A","#N/A","#N/A","#N/A","#N/A","#N/A","#N/A","#N/A",false,false,"#N/A",Never,false,true,"#N/A",Contract Based,Same,No,"#N/A","#N/A","#N/A","#N/A","#N/A","#N/A","#N/A","#N/A","#N/A","#N/A","#N/A",A,"#N/A","#N/A","#N/A","#N/A","#N/A","#N/A","#N/A","#N/A",false,"#N/A"
2d44f985-6290-423f-893c-42161b90c700,"#N/A",A,"#N/A","#N/A","#N/A","#N/A","#N/A","#N/A","#N/A","#N/A","#N/A","#N/A",false,"#N/A",false,"#N/A","#N/A","#N/A","#N/A","#N/A",Banking,"#N/A",Account_nkjPP,"#N/A",951,"#N/A","#N/A",2901993357,"#N/A","#N/A","#N/A",false,false,"#N/A",Never,false,true,"#N/A",Contract Based,Same,No,"#N/A","#N/A","#N/A","#N/A","#N/A","#N/A","#N/A","#N/A","#N/A","#N/A","#N/A",A,"#N/A","#N/A","#N/A","#N/A","#N/A","#N/A","#N/A",qtkqy.salesforce.com,false,"#N/A"
2fabcfd1-c494-4923-9bd8-d5e5c0b1eb00,"#N/A",A,"#N/A","#N/A","#N/A","#N/A","#N/A","#N/A","#N/A","#N/A","#N/A","#N/A",false,"#N/A",false,"#N/A","#N/A","#N/A","#N/A","#N/A",Banking,"#N/A",Account_QFxFJ,"#N/A",239,"#N/A","#N/A",3485654509,"#N/A","#N/A","#N/A",false,false,"#N/A",Never,false,true,"#N/A",Contract Based,Same,No,"#N/A","#N/A","#N/A","#N/A","#N/A","#N/A","#N/A","#N/A","#N/A","#N/A","#N/A",A,"#N/A","#N/A","#N/A","#N/A","#N/A","#N/A","#N/A",aelix.salesforce.com,false,"#N/A"
37f3fc58-529b-49d2-a507-b004bbdaf007,"#N/A",A,"#N/A","#N/A","#N/A","#N/A","#N/A","#N/A","#N/A","#N/A","#N/A","#N/A",false,"#N/A",false,"#N/A","#N/A","#N/A","#N/A","#N/A",Banking,"#N/A",Account_XNEvI,"#N/A",230,"#N/A","#N/A",3933313260,"#N/A","#N/A","#N/A",false,false,"#N/A",Never,false,true,"#N/A",Contract Based,Same,No,"#N/A","#N/A","#N/A","#N/A","#N/A","#N/A","#N/A","#N/A","#N/A","#N/A","#N/A",A,"#N/A","#N/A","#N/A","#N/A","#N/A","#N/A","#N/A",leewj.salesforce.com,false,"#N/A"
3b87c448-377b-4193-8f0e-41c07302912c,"#N/A",A,"#N/A","#N/A","#N/A","#N/A","#N/A","#N/A","#N/A","#N/A","#N/A","#N/A",false,"#N/A",false,"#N/A","#N/A","#N/A","#N/A","#N/A",Banking,"#N/A",Account_ehRXB,"#N/A",415,"#N/A","#N/A",6949159610,"#N/A","#N/A","#N/A",false,false,"#N/A",Never,false,true,"#N/A",Contract Based,Same,No,"#N/A","#N/A","#N/A","#N/A","#N/A","#N/A","#N/A","#N/A","#N/A","#N/A","#N/A",A,"#N/A","#N/A","#N/A","#N/A","#N/A","#N/A","#N/A",kvdzv.salesforce.com,false,"#N/A"
3c5e2230-1afb-4082-8b41-8f7b3cad19d8,"#N/A",A,"#N/A","#N/A","#N/A","#N/A","#N/A","#N/A","#N/A","#N/A","#N/A","#N/A",false,"#N/A",false,"#N/A","#N/A","#N/A","#N/A","#N/A",Banking,"#N/A",Account_lKwHb,"#N/A",265,"#N/A","#N/A",2215595883,"#N/A","#N/A","#N/A",false,false,"#N/A",Never,false,true,"#N/A",Contract Based,Same,No,"#N/A","#N/A","#N/A","#N/A","#N/A","#N/A","#N/A","#N/A","#N/A","#N/A","#N/A",A,"#N/A","#N/A","#N/A","#N/A","#N/A","#N/A","#N/A",dchxu.salesforce.com,false,"#N/A"
3d684c22-c74e-4b34-8834-4627c27f129c,"#N/A",A,"#N/A","#N/A","#N/A","#N/A","#N/A","#N/A","#N/A","#N/A","#N/A","#N/A",false,"#N/A",false,"#N/A","#N/A","#N/A","#N/A","#N/A","#N/A","#N/A",6666,"#N/A","#N/A","#N/A","#N/A","#N/A","#N/A","#N/A","#N/A",false,false,"#N/A",Never,false,true,"#N/A","#N/A",Same,No,"#N/A","#N/A","#N/A","#N/A","#N/A","#N/A","#N/A","#N/A","#N/A","#N/A","#N/A",A,"#N/A","#N/A","#N/A","#N/A","#N/A","#N/A","#N/A","#N/A",false,"#N/A"
409248f4-fc30-4570-b2f7-cc1001512076,"#N/A",A,"#N/A","#N/A","#N/A","#N/A","#N/A","#N/A","#N/A","#N/A","#N/A","#N/A",false,"#N/A",false,"#N/A","#N/A","#N/A","#N/A","#N/A",Banking,"#N/A",Account_KEHCB,"#N/A",23,"#N/A","#N/A",7027209479,"#N/A","#N/A","#N/A",false,false,"#N/A",Never,false,true,"#N/A",Contract Based,Same,No,"#N/A","#N/A","#N/A","#N/A","#N/A","#N/A","#N/A","#N/A","#N/A","#N/A","#N/A",A,"#N/A","#N/A","#N/A","#N/A","#N/A","#N/A","#N/A",hzrvw.salesforce.com,false,"#N/A"
40bd25cb-5e1f-45b2-93eb-b2a29b1faafa,"#N/A",A,"#N/A","#N/A","#N/A","#N/A","#N/A","#N/A","#N/A","#N/A","#N/A","#N/A",false,"#N/A",false,"#N/A","#N/A","#N/A","#N/A","#N/A",Banking,"#N/A",Account_XKYYo,"#N/A",66,"#N/A","#N/A",7641775476,"#N/A","#N/A","#N/A",false,false,"#N/A",Never,false,true,"#N/A",Contract Based,Same,No,"#N/A","#N/A","#N/A","#N/A","#N/A","#N/A","#N/A","#N/A","#N/A","#N/A","#N/A",A,"#N/A","#N/A","#N/A","#N/A","#N/A","#N/A","#N/A",broap.salesforce.com,false,"#N/A"
40df5550-d531-482a-87f0-88521b591568,"#N/A",A,"#N/A","#N/A","#N/A","#N/A","#N/A","#N/A","#N/A","#N/A","#N/A","#N/A",false,"#N/A",false,"#N/A","#N/A","#N/A","#N/A","#N/A",Banking,"#N/A",Account_Vuccd,"#N/A",70,"#N/A","#N/A",3228256945,"#N/A","#N/A","#N/A",false,false,"#N/A",Never,false,true,"#N/A",Contract Based,Same,No,"#N/A","#N/A","#N/A","#N/A","#N/A","#N/A","#N/A","#N/A","#N/A","#N/A","#N/A",A,"#N/A","#N/A","#N/A","#N/A","#N/A","#N/A","#N/A",bouhm.salesforce.com,false,"#N/A"
40e79e50-a37c-4b69-b230-d04ede381b92,"#N/A",A,"#N/A","#N/A","#N/A","#N/A","#N/A","#N/A","#N/A","#N/A","#N/A","#N/A",false,"#N/A",false,"#N/A","#N/A","#N/A","#N/A","#N/A",Banking,"#N/A",Account_CwfcC,"#N/A",43,"#N/A","#N/A",5934758023,"#N/A","#N/A","#N/A",false,false,"#N/A",Never,false,true,"#N/A",Contract Based,Same,No,"#N/A","#N/A","#N/A","#N/A","#N/A","#N/A","#N/A","#N/A","#N/A","#N/A","#N/A",A,"#N/A","#N/A","#N/A","#N/A","#N/A","#N/A","#N/A",mqaet.salesforce.com,false,"#N/A"
4405da30-c534-4aa6-8f85-475710991cfc,"#N/A",A,"#N/A","#N/A","#N/A","#N/A","#N/A","#N/A","#N/A","#N/A","#N/A","#N/A",false,"#N/A",false,"#N/A","#N/A","#N/A","#N/A","#N/A",Banking,"#N/A",Account_XNEvI,"#N/A",230,"#N/A","#N/A",3933313260,"#N/A","#N/A","#N/A",false,false,"#N/A",Never,false,true,"#N/A",Contract Based,Same,No,"#N/A","#N/A","#N/A","#N/A","#N/A","#N/A","#N/A","#N/A","#N/A","#N/A","#N/A",A,"#N/A","#N/A","#N/A","#N/A","#N/A","#N/A","#N/A",leewj.salesforce.com,false,"#N/A"
44ffd532-07cb-4b33-85aa-a431370ad89b,"#N/A",A,"#N/A","#N/A","#N/A","#N/A","#N/A","#N/A","#N/A","#N/A","#N/A","#N/A",false,"#N/A",false,"#N/A","#N/A","#N/A","#N/A","#N/A",Banking,"#N/A",Account_bAeNg,"#N/A",162,"#N/A","#N/A",5859861571,"#N/A","#N/A","#N/A",false,false,"#N/A",Never,false,true,"#N/A",Contract Based,Same,No,"#N/A","#N/A","#N/A","#N/A","#N/A","#N/A","#N/A","#N/A","#N/A","#N/A","#N/A",A,"#N/A","#N/A","#N/A","#N/A","#N/A","#N/A","#N/A",njnjp.salesforce.com,false,"#N/A"
46538ab9-c9d6-4239-8b9f-88e218a96a80,"#N/A",A,"#N/A","#N/A","#N/A","#N/A","#N/A","#N/A","#N/A","#N/A","#N/A","#N/A",false,"#N/A",false,"#N/A","#N/A","#N/A","#N/A","#N/A",Banking,"#N/A",Account_yMWof,"#N/A",688,"#N/A","#N/A",6241815877,"#N/A","#N/A","#N/A",false,false,"#N/A",Never,false,true,"#N/A",Contract Based,Same,No,"#N/A","#N/A","#N/A","#N/A","#N/A","#N/A","#N/A","#N/A","#N/A","#N/A","#N/A",A,"#N/A","#N/A","#N/A","#N/A","#N/A","#N/A","#N/A",qrclu.salesforce.com,false,"#N/A"
4684c64f-176d-4f94-964a-184e3fc2e8f9,"#N/A",A,"#N/A","#N/A","#N/A","#N/A","#N/A","#N/A","#N/A","#N/A","#N/A","#N/A",false,"#N/A",false,"#N/A","#N/A","#N/A","#N/A","#N/A",Banking,"#N/A",Account_loALh,"#N/A",86,"#N/A","#N/A",7959777092,"#N/A","#N/A","#N/A",false,false,"#N/A",Never,false,true,"#N/A",Contract Based,Same,No,"#N/A","#N/A","#N/A","#N/A","#N/A","#N/A","#N/A","#N/A","#N/A","#N/A","#N/A",A,"#N/A","#N/A","#N/A","#N/A","#N/A","#N/A","#N/A",gzjdi.salesforce.com,false,"#N/A"
46f22bb7-9c9e-44f2-8905-dcdd365b5c8a,"#N/A",A,"#N/A","#N/A","#N/A","#N/A","#N/A","#N/A","#N/A","#N/A","#N/A","#N/A",false,"#N/A",false,"#N/A","#N/A","#N/A","#N/A","#N/A",Banking,"#N/A",Account_SalmY,"#N/A",177,"#N/A","#N/A",8896443569,"#N/A","#N/A","#N/A",false,false,"#N/A",Never,false,true,"#N/A",Contract Based,Same,No,"#N/A","#N/A","#N/A","#N/A","#N/A","#N/A","#N/A","#N/A","#N/A","#N/A","#N/A",A,"#N/A","#N/A","#N/A","#N/A","#N/A","#N/A","#N/A",oahag.salesforce.com,false,"#N/A"
488cfaf5-cc37-4588-9ef9-7dd96a895af7,"#N/A",A,"#N/A","#N/A","#N/A","#N/A","#N/A","#N/A","#N/A","#N/A","#N/A","#N/A",false,"#N/A",false,"#N/A","#N/A","#N/A","#N/A","#N/A",Banking,"#N/A",Account_PqksW,"#N/A",150,"#N/A","#N/A",3903988453,"#N/A","#N/A","#N/A",false,false,"#N/A",Never,false,true,"#N/A",Contract Based,Same,No,"#N/A","#N/A","#N/A","#N/A","#N/A","#N/A","#N/A","#N/A","#N/A","#N/A","#N/A",A,"#N/A","#N/A","#N/A","#N/A","#N/A","#N/A","#N/A",rqxzm.salesforce.com,false,"#N/A"
49878543-8541-4d08-b093-deed3323c872,"#N/A",A,"#N/A","#N/A","#N/A","#N/A","#N/A","#N/A","#N/A","#N/A","#N/A","#N/A",false,"#N/A",false,"#N/A","#N/A","#N/A","#N/A","#N/A",Banking,"#N/A",Account_gHuEL,"#N/A",701,"#N/A","#N/A",6871120999,"#N/A","#N/A","#N/A",false,false,"#N/A",Never,false,true,"#N/A",Contract Based,Same,No,"#N/A","#N/A","#N/A","#N/A","#N/A","#N/A","#N/A","#N/A","#N/A","#N/A","#N/A",A,"#N/A","#N/A","#N/A","#N/A","#N/A","#N/A","#N/A",dxdfo.salesforce.com,false,"#N/A"
4d07ade4-55d4-447d-85db-f700e626a3fd,"#N/A",A,"#N/A","#N/A","#N/A","#N/A","#N/A","#N/A","#N/A","#N/A","#N/A","#N/A",false,"#N/A",false,"#N/A","#N/A","#N/A","#N/A","#N/A",Banking,"#N/A",Account_CRLIM,"#N/A",294,"#N/A","#N/A",7673996138,"#N/A","#N/A","#N/A",false,false,"#N/A",Never,false,true,"#N/A",Contract Based,Same,No,"#N/A","#N/A","#N/A","#N/A","#N/A","#N/A","#N/A","#N/A","#N/A","#N/A","#N/A",A,"#N/A","#N/A","#N/A","#N/A","#N/A","#N/A","#N/A",skdzx.salesforce.com,false,"#N/A"
4d0e2b2d-e8bf-4a3f-bfdd-adcc399a20dc,"#N/A",A,"#N/A","#N/A","#N/A","#N/A","#N/A","#N/A","#N/A","#N/A","#N/A","#N/A",false,"#N/A",false,"#N/A","#N/A","#N/A","#N/A","#N/A",Banking,"#N/A",Account_ZHzoE,"#N/A",482,"#N/A","#N/A",1794930334,"#N/A","#N/A","#N/A",false,false,"#N/A",Never,false,true,"#N/A",Contract Based,Same,No,"#N/A","#N/A","#N/A","#N/A","#N/A","#N/A","#N/A","#N/A","#N/A","#N/A","#N/A",A,"#N/A","#N/A","#N/A","#N/A","#N/A","#N/A","#N/A",omzal.salesforce.com,false,"#N/A"
51995652-c987-4c81-ac21-91bbf9980be9,"#N/A",A,"#N/A","#N/A","#N/A","#N/A","#N/A","#N/A","#N/A","#N/A","#N/A","#N/A",false,"#N/A",false,"#N/A","#N/A","#N/A","#N/A","#N/A",Banking,"#N/A",Account_YTWkW,"#N/A",963,"#N/A","#N/A",9069310329,"#N/A","#N/A","#N/A",false,false,"#N/A",Never,false,true,"#N/A",Contract Based,Same,No,"#N/A","#N/A","#N/A","#N/A","#N/A","#N/A","#N/A","#N/A","#N/A","#N/A","#N/A",A,"#N/A","#N/A","#N/A","#N/A","#N/A","#N/A","#N/A",ojmwu.salesforce.com,false,"#N/A"
52404ec5-22c4-4a2e-898e-82a44bb533d5,"#N/A",A,"#N/A","#N/A","#N/A","#N/A","#N/A","#N/A","#N/A","#N/A","#N/A","#N/A",false,"#N/A",false,"#N/A","#N/A","#N/A","#N/A","#N/A",Banking,"#N/A",Account_lKwHb,"#N/A",265,"#N/A","#N/A",2215595883,"#N/A","#N/A","#N/A",false,false,"#N/A",Never,false,true,"#N/A",Contract Based,Same,No,"#N/A","#N/A","#N/A","#N/A","#N/A","#N/A","#N/A","#N/A","#N/A","#N/A","#N/A",A,"#N/A","#N/A","#N/A","#N/A","#N/A","#N/A","#N/A",dchxu.salesforce.com,false,"#N/A"
5254657f-9266-4404-a271-e0f466c22715,"#N/A",A,"#N/A","#N/A","#N/A","#N/A","#N/A","#N/A","#N/A","#N/A","#N/A","#N/A",false,"#N/A",false,"#N/A","#N/A","#N/A","#N/A","#N/A",Banking,"#N/A",Account_QFxFJ,"#N/A",239,"#N/A","#N/A",3485654509,"#N/A","#N/A","#N/A",false,false,"#N/A",Never,false,true,"#N/A",Contract Based,Same,No,"#N/A","#N/A","#N/A","#N/A","#N/A","#N/A","#N/A","#N/A","#N/A","#N/A","#N/A",A,"#N/A","#N/A","#N/A","#N/A","#N/A","#N/A","#N/A",aelix.salesforce.com,false,"#N/A"
553659ae-32d5-434a-acac-a5f52c42bd11,"#N/A",A,"#N/A","#N/A","#N/A","#N/A","#N/A","#N/A","#N/A","#N/A","#N/A","#N/A",false,"#N/A",false,"#N/A","#N/A","#N/A","#N/A","#N/A",Banking,"#N/A",Account_EdYqX,"#N/A",633,"#N/A","#N/A",4283404724,"#N/A","#N/A","#N/A",false,false,"#N/A",Never,false,true,"#N/A",Contract Based,Same,No,"#N/A","#N/A","#N/A","#N/A","#N/A","#N/A","#N/A","#N/A","#N/A","#N/A","#N/A",A,"#N/A","#N/A","#N/A","#N/A","#N/A","#N/A","#N/A",baomj.salesforce.com,false,"#N/A"
564b199b-8170-48d0-a6c1-0187c1b4e8e2,"#N/A",A,"#N/A","#N/A","#N/A",United States,"#N/A","#N/A","#N/A","#N/A","#N/A","#N/A",false,"#N/A",false,"#N/A","#N/A","#N/A","#N/A","#N/A","#N/A","#N/A",123,"#N/A","#N/A","#N/A","#N/A","#N/A","#N/A","#N/A","#N/A",false,false,"#N/A",Never,false,true,"#N/A","#N/A",Same,No,"#N/A","#N/A","#N/A","#N/A","#N/A","#N/A","#N/A","#N/A","#N/A","#N/A","#N/A",A,"#N/A","#N/A","#N/A","#N/A","#N/A","#N/A","#N/A","#N/A",false,"#N/A"
58e2a33a-b920-43b1-bec5-d5368d600089,"#N/A",A,"#N/A","#N/A","#N/A","#N/A","#N/A","#N/A","#N/A","#N/A","#N/A","#N/A",false,"#N/A",false,"#N/A","#N/A","#N/A","#N/A","#N/A",Banking,"#N/A",Account_OdMsS,"#N/A",790,"#N/A","#N/A",2534859937,"#N/A","#N/A","#N/A",false,false,"#N/A",Never,false,true,"#N/A",Contract Based,Same,No,"#N/A","#N/A","#N/A","#N/A","#N/A","#N/A","#N/A","#N/A","#N/A","#N/A","#N/A",A,"#N/A","#N/A","#N/A","#N/A","#N/A","#N/A","#N/A",jmxsg.salesforce.com,false,"#N/A"
5b264d32-bfeb-4e36-a7c6-9fa8ca203623,"#N/A",A,"#N/A","#N/A","#N/A","#N/A","#N/A","#N/A","#N/A","#N/A","#N/A","#N/A",false,"#N/A",false,"#N/A","#N/A","#N/A","#N/A","#N/A",Banking,"#N/A",Account_UlljA,"#N/A",772,"#N/A","#N/A",7406717200,"#N/A","#N/A","#N/A",false,false,"#N/A",Never,false,true,"#N/A",Contract Based,Same,No,"#N/A","#N/A","#N/A","#N/A","#N/A","#N/A","#N/A","#N/A","#N/A","#N/A","#N/A",A,"#N/A","#N/A","#N/A","#N/A","#N/A","#N/A","#N/A",fbcob.salesforce.com,false,"#N/A"
62f6c5ac-a766-49dd-a649-ba4c60613eee,"#N/A",A,"#N/A","#N/A","#N/A","#N/A","#N/A","#N/A","#N/A","#N/A","#N/A","#N/A",false,"#N/A",false,"#N/A","#N/A","#N/A","#N/A","#N/A",Banking,"#N/A",Account_RIuZe,"#N/A",919,"#N/A","#N/A",9603203969,"#N/A","#N/A","#N/A",false,false,"#N/A",Never,false,true,"#N/A",Contract Based,Same,No,"#N/A","#N/A","#N/A","#N/A","#N/A","#N/A","#N/A","#N/A","#N/A","#N/A","#N/A",A,"#N/A","#N/A","#N/A","#N/A","#N/A","#N/A","#N/A",skqib.salesforce.com,false,"#N/A"
651ed1ec-a5c6-4b37-9af2-cc0f09c8696b,"#N/A",A,"#N/A","#N/A","#N/A","#N/A","#N/A","#N/A","#N/A","#N/A","#N/A","#N/A",false,"#N/A",false,"#N/A","#N/A","#N/A","#N/A","#N/A",Banking,"#N/A",Account_cxMpi,"#N/A",255,"#N/A","#N/A",0249945051,"#N/A","#N/A","#N/A",false,false,"#N/A",Never,false,true,"#N/A",Contract Based,Same,No,"#N/A","#N/A","#N/A","#N/A","#N/A","#N/A","#N/A","#N/A","#N/A","#N/A","#N/A",A,"#N/A","#N/A","#N/A","#N/A","#N/A","#N/A","#N/A",vlpkd.salesforce.com,false,"#N/A"
6545a4af-7587-4938-8088-946cd26dd482,"#N/A",A,"#N/A","#N/A","#N/A","#N/A","#N/A","#N/A","#N/A","#N/A","#N/A","#N/A",false,"#N/A",false,"#N/A","#N/A","#N/A","#N/A","#N/A",Banking,"#N/A",Account_bmzQf,"#N/A",602,"#N/A","#N/A",3865719631,"#N/A","#N/A","#N/A",false,false,"#N/A",Never,false,true,"#N/A",Contract Based,Same,No,"#N/A","#N/A","#N/A","#N/A","#N/A","#N/A","#N/A","#N/A","#N/A","#N/A","#N/A",A,"#N/A","#N/A","#N/A","#N/A","#N/A","#N/A","#N/A",aalrw.salesforce.com,false,"#N/A"
681f661c-abaa-4d6a-bb5d-1a92bf9d1525,"#N/A",A,"#N/A","#N/A","#N/A","#N/A","#N/A","#N/A","#N/A","#N/A","#N/A","#N/A",false,"#N/A",false,"#N/A","#N/A","#N/A","#N/A","#N/A",Banking,"#N/A",Account_CjNrX,"#N/A",56,"#N/A","#N/A",8482331068,"#N/A","#N/A","#N/A",false,false,"#N/A",Never,false,true,"#N/A",Contract Based,Same,No,"#N/A","#N/A","#N/A","#N/A","#N/A","#N/A","#N/A","#N/A","#N/A","#N/A","#N/A",A,"#N/A","#N/A","#N/A","#N/A","#N/A","#N/A","#N/A",zmqnd.salesforce.com,false,"#N/A"
68e699c2-aa0d-4aeb-afce-1368885bea8c,"#N/A",A,"#N/A","#N/A","#N/A","#N/A","#N/A","#N/A","#N/A","#N/A","#N/A","#N/A",false,"#N/A",false,"#N/A","#N/A","#N/A","#N/A","#N/A",Banking,"#N/A",Account_HyubU,"#N/A",511,"#N/A","#N/A",0349634661,"#N/A","#N/A","#N/A",false,false,"#N/A",Never,false,true,"#N/A",Contract Based,Same,No,"#N/A","#N/A","#N/A","#N/A","#N/A","#N/A","#N/A","#N/A","#N/A","#N/A","#N/A",A,"#N/A","#N/A","#N/A","#N/A","#N/A","#N/A","#N/A",coxsl.salesforce.com,false,"#N/A"
6a7a5275-289b-48f6-9f4e-25190d2e5036,"#N/A",A,"#N/A","#N/A","#N/A","#N/A","#N/A","#N/A","#N/A","#N/A","#N/A","#N/A",false,"#N/A",false,"#N/A","#N/A","#N/A","#N/A","#N/A",Banking,"#N/A",Account_VjXxV,"#N/A",371,"#N/A","#N/A",2291770237,"#N/A","#N/A","#N/A",false,false,"#N/A",Never,false,true,"#N/A",Contract Based,Same,No,"#N/A","#N/A","#N/A","#N/A","#N/A","#N/A","#N/A","#N/A","#N/A","#N/A","#N/A",A,"#N/A","#N/A","#N/A","#N/A","#N/A","#N/A","#N/A",vbrha.salesforce.com,false,"#N/A"
6a92d7a4-bc1b-4389-b675-f5e70920554e,"#N/A",A,"#N/A","#N/A","#N/A","#N/A","#N/A","#N/A","#N/A","#N/A","#N/A","#N/A",false,"#N/A",false,"#N/A","#N/A","#N/A","#N/A","#N/A",Banking,"#N/A",Account_owAtf,"#N/A",827,"#N/A","#N/A",9374238180,"#N/A","#N/A","#N/A",false,false,"#N/A",Never,false,true,"#N/A",Contract Based,Same,No,"#N/A","#N/A","#N/A","#N/A","#N/A","#N/A","#N/A","#N/A","#N/A","#N/A","#N/A",A,"#N/A","#N/A","#N/A","#N/A","#N/A","#N/A","#N/A",pspod.salesforce.com,false,"#N/A"
6aefd474-ae03-4e79-8325-64d7ed074a73,"#N/A",A,"#N/A","#N/A","#N/A","#N/A","#N/A","#N/A","#N/A","#N/A","#N/A","#N/A",false,"#N/A",false,"#N/A","#N/A","#N/A","#N/A","#N/A",Banking,"#N/A",Account_XXPSZ,"#N/A",613,"#N/A","#N/A",3588264986,"#N/A","#N/A","#N/A",false,false,"#N/A",Never,false,true,"#N/A",Contract Based,Same,No,"#N/A","#N/A","#N/A","#N/A","#N/A","#N/A","#N/A","#N/A","#N/A","#N/A","#N/A",A,"#N/A","#N/A","#N/A","#N/A","#N/A","#N/A","#N/A",ibsvi.salesforce.com,false,"#N/A"
6dcc02ac-ad5e-494f-8392-d7caa2e89ccb,"#N/A",A,"#N/A","#N/A","#N/A","#N/A","#N/A","#N/A","#N/A","#N/A","#N/A","#N/A",false,"#N/A",false,"#N/A","#N/A","#N/A","#N/A","#N/A","#N/A","#N/A",Asnaf Scratch Org test VC,"#N/A","#N/A","#N/A","#N/A","#N/A","#N/A","#N/A","#N/A",false,false,"#N/A",Never,false,true,"#N/A",Contract Based,Same,No,"#N/A","#N/A","#N/A","#N/A","#N/A","#N/A","#N/A","#N/A","#N/A","#N/A","#N/A",A,"#N/A","#N/A","#N/A","#N/A","#N/A","#N/A","#N/A","#N/A",false,"#N/A"
73e272d4-d25c-4653-902f-e8f993e2f1f2,"#N/A",A,"#N/A","#N/A","#N/A","#N/A","#N/A","#N/A","#N/A","#N/A","#N/A","#N/A",false,"#N/A",false,"#N/A","#N/A","#N/A","#N/A","#N/A",Banking,"#N/A",Account_SalmY,"#N/A",177,"#N/A","#N/A",8896443569,"#N/A","#N/A","#N/A",false,false,"#N/A",Never,false,true,"#N/A",Contract Based,Same,No,"#N/A","#N/A","#N/A","#N/A","#N/A","#N/A","#N/A","#N/A","#N/A","#N/A","#N/A",A,"#N/A","#N/A","#N/A","#N/A","#N/A","#N/A","#N/A",oahag.salesforce.com,false,"#N/A"
78d19220-8b97-4100-ba37-f9bc4abd8a00,"#N/A",A,"#N/A","#N/A","#N/A","#N/A","#N/A","#N/A","#N/A","#N/A","#N/A","#N/A",false,"#N/A",false,"#N/A","#N/A","#N/A","#N/A","#N/A",Banking,"#N/A",Account_BoHDJ,"#N/A",576,"#N/A","#N/A",4042234025,"#N/A","#N/A","#N/A",false,false,"#N/A",Never,false,true,"#N/A",Contract Based,Same,No,"#N/A","#N/A","#N/A","#N/A","#N/A","#N/A","#N/A","#N/A","#N/A","#N/A","#N/A",A,"#N/A","#N/A","#N/A","#N/A","#N/A","#N/A","#N/A",vvszm.salesforce.com,false,"#N/A"
7b8c4473-816b-4288-8dbe-6a8834671ec4,"#N/A",A,"#N/A","#N/A","#N/A","#N/A","#N/A","#N/A","#N/A","#N/A","#N/A","#N/A",false,"#N/A",false,"#N/A","#N/A","#N/A","#N/A","#N/A",Banking,"#N/A",Account_pmkxA,"#N/A",51,"#N/A","#N/A",0023492409,"#N/A","#N/A","#N/A",false,false,"#N/A",Never,false,true,"#N/A",Contract Based,Same,No,"#N/A","#N/A","#N/A","#N/A","#N/A","#N/A","#N/A","#N/A","#N/A","#N/A","#N/A",A,"#N/A","#N/A","#N/A","#N/A","#N/A","#N/A","#N/A",chhua.salesforce.com,false,"#N/A"
7bcd3a14-2b32-4e05-b37c-7005f80d99e9,"#N/A",A,"#N/A","#N/A","#N/A","#N/A","#N/A","#N/A","#N/A","#N/A","#N/A","#N/A",false,"#N/A",false,"#N/A","#N/A","#N/A","#N/A","#N/A",Banking,"#N/A",Account_MMUKT,"#N/A",149,"#N/A","#N/A",8306117725,"#N/A","#N/A","#N/A",false,false,"#N/A",Never,false,true,"#N/A",Contract Based,Same,No,"#N/A","#N/A","#N/A","#N/A","#N/A","#N/A","#N/A","#N/A","#N/A","#N/A","#N/A",A,"#N/A","#N/A","#N/A","#N/A","#N/A","#N/A","#N/A",ndzon.salesforce.com,false,"#N/A"
800c2333-b14d-466f-afec-eda37a5edab2,"#N/A",A,"#N/A","#N/A","#N/A","#N/A","#N/A","#N/A","#N/A","#N/A","#N/A","#N/A",false,"#N/A",false,"#N/A","#N/A","#N/A","#N/A","#N/A",Banking,"#N/A",Account_xEgSl,"#N/A",73,"#N/A","#N/A",6758635490,"#N/A","#N/A","#N/A",false,false,"#N/A",Never,false,true,"#N/A",Contract Based,Same,No,"#N/A","#N/A","#N/A","#N/A","#N/A","#N/A","#N/A","#N/A","#N/A","#N/A","#N/A",A,"#N/A","#N/A","#N/A","#N/A","#N/A","#N/A","#N/A",hgjmx.salesforce.com,false,"#N/A"
81d3c14c-a124-4729-8cc6-3c85739f86fa,"#N/A",A,"#N/A","#N/A","#N/A","#N/A","#N/A","#N/A","#N/A","#N/A","#N/A","#N/A",false,"#N/A",false,"#N/A","#N/A","#N/A","#N/A","#N/A",Banking,"#N/A",Account_cxMpi,"#N/A",255,"#N/A","#N/A",0249945051,"#N/A","#N/A","#N/A",false,false,"#N/A",Never,false,true,"#N/A",Contract Based,Same,No,"#N/A","#N/A","#N/A","#N/A","#N/A","#N/A","#N/A","#N/A","#N/A","#N/A","#N/A",A,"#N/A","#N/A","#N/A","#N/A","#N/A","#N/A","#N/A",vlpkd.salesforce.com,false,"#N/A"
8eb3cb2d-e1c1-42f6-aae2-d9de5cc7d6ed,"#N/A",A,"#N/A","#N/A","#N/A","#N/A","#N/A","#N/A","#N/A","#N/A","#N/A","#N/A",false,"#N/A",false,"#N/A","#N/A","#N/A","#N/A","#N/A",Banking,"#N/A",Account_EnOEt,"#N/A",819,"#N/A","#N/A",4758526972,"#N/A","#N/A","#N/A",false,false,"#N/A",Never,false,true,"#N/A",Contract Based,Same,No,"#N/A","#N/A","#N/A","#N/A","#N/A","#N/A","#N/A","#N/A","#N/A","#N/A","#N/A",A,"#N/A","#N/A","#N/A","#N/A","#N/A","#N/A","#N/A",chido.salesforce.com,false,"#N/A"
8efdd54f-13d7-4ec1-b0c1-f27a9712d70a,"#N/A",A,"#N/A","#N/A","#N/A","#N/A","#N/A","#N/A","#N/A","#N/A","#N/A","#N/A",false,"#N/A",false,"#N/A","#N/A","#N/A","#N/A","#N/A",Banking,"#N/A",Account_eXrFS,"#N/A",367,"#N/A","#N/A",8172340657,"#N/A","#N/A","#N/A",false,false,"#N/A",Never,false,true,"#N/A",Contract Based,Same,No,"#N/A","#N/A","#N/A","#N/A","#N/A","#N/A","#N/A","#N/A","#N/A","#N/A","#N/A",A,"#N/A","#N/A","#N/A","#N/A","#N/A","#N/A","#N/A",ozvvd.salesforce.com,false,"#N/A"
90050cc7-8195-4091-92d5-659bf1a38920,"#N/A",A,"#N/A","#N/A","#N/A","#N/A","#N/A","#N/A","#N/A","#N/A","#N/A","#N/A",false,"#N/A",false,"#N/A","#N/A","#N/A","#N/A","#N/A",Banking,"#N/A",Account_bYnqH,"#N/A",238,"#N/A","#N/A",7572999676,"#N/A","#N/A","#N/A",false,false,"#N/A",Never,false,true,"#N/A",Contract Based,Same,No,"#N/A","#N/A","#N/A","#N/A","#N/A","#N/A","#N/A","#N/A","#N/A","#N/A","#N/A",A,"#N/A","#N/A","#N/A","#N/A","#N/A","#N/A","#N/A",unoua.salesforce.com,false,"#N/A"
90f91b19-1161-43fd-a909-70b3a3bcfad6,"#N/A",A,"#N/A","#N/A","#N/A","#N/A","#N/A","#N/A","#N/A","#N/A","#N/A","#N/A",false,"#N/A",false,"#N/A",hi,"#N/A","#N/A","#N/A","#N/A","#N/A",Test account new1,"#N/A","#N/A","#N/A","#N/A","#N/A","#N/A","#N/A","#N/A",false,false,"#N/A",Never,false,true,"#N/A","#N/A",Same,No,"#N/A","#N/A","#N/A","#N/A","#N/A","#N/A","#N/A","#N/A","#N/A","#N/A","#N/A",A,"#N/A","#N/A",Test pvt ltd,"#N/A","#N/A","#N/A","#N/A","#N/A",false,"#N/A"
921cc069-6c02-4d19-a8e8-c2a86ee2fab2,"#N/A",A,"#N/A","#N/A","#N/A","#N/A","#N/A","#N/A","#N/A","#N/A","#N/A","#N/A",false,"#N/A",false,"#N/A","#N/A","#N/A","#N/A","#N/A","#N/A","#N/A",VD1,"#N/A","#N/A","#N/A","#N/A","#N/A","#N/A","#N/A","#N/A",false,false,"#N/A",Never,false,false,"#N/A","#N/A",Same,No,"#N/A","#N/A","#N/A","#N/A","#N/A","#N/A","#N/A","#N/A","#N/A","#N/A","#N/A",A,"#N/A","#N/A","#N/A","#N/A","#N/A","#N/A","#N/A","#N/A",false,"#N/A"
943c09e8-acb2-49d9-8561-9f3d99e34d5c,"#N/A",A,"#N/A","#N/A","#N/A","#N/A","#N/A","#N/A","#N/A","#N/A","#N/A","#N/A",false,"#N/A",false,"#N/A","#N/A","#N/A","#N/A","#N/A",Banking,"#N/A",Account_ZRqIF,"#N/A",279,"#N/A","#N/A",6875145172,"#N/A","#N/A","#N/A",false,false,"#N/A",Never,false,true,"#N/A",Contract Based,Same,No,"#N/A","#N/A","#N/A","#N/A","#N/A","#N/A","#N/A","#N/A","#N/A","#N/A","#N/A",A,"#N/A","#N/A","#N/A","#N/A","#N/A","#N/A","#N/A",awrcf.salesforce.com,false,"#N/A"
96c88d03-47fa-4df2-a5df-396214ab42a4,"#N/A",A,"#N/A","#N/A","#N/A","#N/A","#N/A","#N/A","#N/A","#N/A","#N/A","#N/A",false,"#N/A",false,"#N/A","#N/A","#N/A","#N/A","#N/A",Banking,"#N/A",Account_tvFkm,"#N/A",207,"#N/A","#N/A",2706185497,"#N/A","#N/A","#N/A",false,false,"#N/A",Never,false,true,"#N/A",Contract Based,Same,No,"#N/A","#N/A","#N/A","#N/A","#N/A","#N/A","#N/A","#N/A","#N/A","#N/A","#N/A",A,"#N/A","#N/A","#N/A","#N/A","#N/A","#N/A","#N/A",euvht.salesforce.com,false,"#N/A"
9d50f7b3-8ddc-45b6-9847-a6e4c2247a34,"#N/A",A,"#N/A","#N/A","#N/A","#N/A","#N/A","#N/A","#N/A","#N/A","#N/A","#N/A",false,"#N/A",false,"#N/A","#N/A","#N/A","#N/A","#N/A",Banking,"#N/A",Account_bnyTM,"#N/A",321,"#N/A","#N/A",6878254172,"#N/A","#N/A","#N/A",false,false,"#N/A",Never,false,true,"#N/A",Contract Based,Same,No,"#N/A","#N/A","#N/A","#N/A","#N/A","#N/A","#N/A","#N/A","#N/A","#N/A","#N/A",A,"#N/A","#N/A","#N/A","#N/A","#N/A","#N/A","#N/A",bdxuz.salesforce.com,false,"#N/A"
a0623b1f-0dd3-412c-954f-cf9db20a6e8a,"#N/A",A,"#N/A","#N/A","#N/A","#N/A","#N/A","#N/A","#N/A","#N/A","#N/A","#N/A",false,"#N/A",false,"#N/A","#N/A","#N/A","#N/A","#N/A",Banking,"#N/A",Account_rEkin,"#N/A",580,"#N/A","#N/A",2357927136,"#N/A","#N/A","#N/A",false,false,"#N/A",Never,false,true,"#N/A",Contract Based,Same,No,"#N/A","#N/A","#N/A","#N/A","#N/A","#N/A","#N/A","#N/A","#N/A","#N/A","#N/A",A,"#N/A","#N/A","#N/A","#N/A","#N/A","#N/A","#N/A",xfuhy.salesforce.com,false,"#N/A"
a1003285-7a6e-4f1a-9280-f1e6eb95bc72,"#N/A",A,"#N/A","#N/A","#N/A","#N/A","#N/A","#N/A","#N/A","#N/A","#N/A","#N/A",false,"#N/A",false,"#N/A","#N/A","#N/A","#N/A","#N/A","#N/A","#N/A",Account updated Regression,"#N/A","#N/A","#N/A","#N/A","#N/A","#N/A","#N/A","#N/A",false,false,"#N/A",Never,false,true,"#N/A","#N/A",Same,No,"#N/A","#N/A","#N/A","#N/A","#N/A","#N/A","#N/A","#N/A","#N/A","#N/A","#N/A",A,"#N/A","#N/A","#N/A","#N/A","#N/A",Account 2,"#N/A","#N/A",false,"#N/A"
a135bcd1-5268-4e2b-85d6-b623625e242c,"#N/A",A,"#N/A","#N/A","#N/A","#N/A","#N/A","#N/A","#N/A","#N/A","#N/A","#N/A",false,"#N/A",false,"#N/A","#N/A","#N/A","#N/A","#N/A",Banking,"#N/A",Account_GfuTe,"#N/A",438,"#N/A","#N/A",5746525758,"#N/A","#N/A","#N/A",false,false,"#N/A",Never,false,true,"#N/A",Contract Based,Same,No,"#N/A","#N/A","#N/A","#N/A","#N/A","#N/A","#N/A","#N/A","#N/A","#N/A","#N/A",A,"#N/A","#N/A","#N/A","#N/A","#N/A","#N/A","#N/A",pdbiy.salesforce.com,false,"#N/A"
a17952b3-ab19-4b5d-be20-081b5f80a415,"#N/A",A,"#N/A","#N/A","#N/A","#N/A","#N/A","#N/A","#N/A","#N/A","#N/A","#N/A",false,"#N/A",false,"#N/A","#N/A","#N/A","#N/A","#N/A",Banking,"#N/A",Account_YVsUf,"#N/A",609,"#N/A","#N/A",6986176676,"#N/A","#N/A","#N/A",false,false,"#N/A",Never,false,true,"#N/A",Contract Based,Same,No,"#N/A","#N/A","#N/A","#N/A","#N/A","#N/A","#N/A","#N/A","#N/A","#N/A","#N/A",A,"#N/A","#N/A","#N/A","#N/A","#N/A","#N/A","#N/A",pqmsu.salesforce.com,false,"#N/A"
a3338335-073e-4a67-8564-5c87ea9f4398,"#N/A",A,"#N/A","#N/A","#N/A","#N/A","#N/A","#N/A","#N/A","#N/A","#N/A","#N/A",false,"#N/A",false,"#N/A","#N/A","#N/A","#N/A","#N/A",Banking,"#N/A",Account_IakqU,"#N/A",20,"#N/A","#N/A",6787495326,"#N/A","#N/A","#N/A",false,false,"#N/A",Never,false,true,"#N/A",Contract Based,Same,No,"#N/A","#N/A","#N/A","#N/A","#N/A","#N/A","#N/A","#N/A","#N/A","#N/A","#N/A",A,"#N/A","#N/A","#N/A","#N/A","#N/A","#N/A","#N/A",hxipd.salesforce.com,false,"#N/A"
a341518e-43fd-45ac-9c63-b1807e28fdec,"#N/A",A,"#N/A","#N/A","#N/A","#N/A","#N/A","#N/A","#N/A","#N/A","#N/A","#N/A",false,"#N/A",false,"#N/A","#N/A","#N/A","#N/A","#N/A","#N/A","#N/A",Account X,"#N/A","#N/A","#N/A","#N/A","#N/A","#N/A","#N/A","#N/A",false,false,"#N/A",Never,false,true,"#N/A","#N/A",Same,No,"#N/A","#N/A","#N/A","#N/A","#N/A","#N/A","#N/A","#N/A","#N/A","#N/A","#N/A",A,"#N/A","#N/A","#N/A","#N/A","#N/A","#N/A","#N/A","#N/A",false,"#N/A"
acd546b2-7745-4b3c-9b86-6355bef53185,"#N/A",A,"#N/A","#N/A",Toronto,Canada,"#N/A","#N/A","#N/A",L4B 1Y3,Ontario,150 Chestnut Street,false,"#N/A",false,"#N/A","GBM is the worldwide leader in technology news and information on the Web and the producer of the longest-running and farthest-reaching television shows about technology. GBM's network of sites combines breakthrough interactive technology with engaging content and design and is consistently ranked as the Internet's leading content network in terms of both audience size and revenue, serving millions of users each day. The company's television programming is broadcast by the USA Network and the Sci-Fi Channel to more than 70 million households and is syndicated to broadcast television stations in the nation's top 120 markets, including the top 10 markets.","#N/A","#N/A","#N/A",Media,"#N/A",Global Media,"#N/A",14668,"#N/A","#N/A",(905) 555-1212,"#N/A","#N/A","#N/A",false,false,"#N/A","#N/A",false,false,"#N/A","#N/A","#N/A","#N/A",Toronto,Canada,"#N/A","#N/A","#N/A",L4B 1Y3,Ontario,150 Chestnut Street,"#N/A","#N/A","#N/A",A,"#N/A","#N/A","#N/A","#N/A","#N/A","#N/A",Prospect,"#N/A",false,"#N/A"
add8f3f3-c71a-4e85-afa0-6a7e6cdcd240,"#N/A",A,"#N/A",1.0E8,New York,USA,"#N/A","#N/A","#N/A",31349,NY,10 Main Rd.,false,"#N/A",false,"#N/A","#N/A","#N/A",(212) 555-5555,"#N/A",Manufacturing,"#N/A",Acme,"#N/A",680,"#N/A","#N/A",(212) 555-5555,"#N/A","#N/A","#N/A",false,false,"#N/A","#N/A",false,true,"#N/A",Contract Based,"#N/A","#N/A",New York,USA,"#N/A","#N/A","#N/A",31349,NY,10 Main Rd.,"#N/A","#N/A","#N/A",A,"#N/A","#N/A","#N/A","#N/A","#N/A","#N/A",Prospect,"#N/A",false,"#N/A"
aee3a25c-aac6-4144-98ee-958cbc2de2f5,"#N/A",A,"#N/A","#N/A","#N/A","#N/A","#N/A","#N/A","#N/A","#N/A","#N/A","#N/A",false,"#N/A",false,"#N/A","#N/A","#N/A","#N/A","#N/A",Banking,"#N/A",Account_zGrzm,"#N/A",3,"#N/A","#N/A",0354867749,"#N/A","#N/A","#N/A",false,false,"#N/A",Never,false,true,"#N/A",Contract Based,Same,No,"#N/A","#N/A","#N/A","#N/A","#N/A","#N/A","#N/A","#N/A","#N/A","#N/A","#N/A",A,"#N/A","#N/A","#N/A","#N/A","#N/A","#N/A","#N/A",czhaq.salesforce.com,false,"#N/A"
b199ccaf-dfc9-42a5-b6c3-939fd2bcdd7b,"#N/A",A,"#N/A","#N/A","#N/A","#N/A","#N/A","#N/A","#N/A","#N/A","#N/A","#N/A",false,"#N/A",false,"#N/A","#N/A","#N/A","#N/A","#N/A",Banking,"#N/A",Account_RwmdF,"#N/A",18,"#N/A","#N/A",9319881926,"#N/A","#N/A","#N/A",false,false,"#N/A",Never,false,true,"#N/A",Contract Based,Same,No,"#N/A","#N/A","#N/A","#N/A","#N/A","#N/A","#N/A","#N/A","#N/A","#N/A","#N/A",A,"#N/A","#N/A","#N/A","#N/A","#N/A","#N/A","#N/A",silsb.salesforce.com,false,"#N/A"
b27f24e8-9123-4081-8dbb-539dd16e7892,"#N/A",A,"#N/A","#N/A","#N/A","#N/A","#N/A","#N/A","#N/A","#N/A","#N/A","#N/A",false,"#N/A",false,"#N/A","#N/A","#N/A","#N/A","#N/A",Banking,"#N/A",Account_KSUmW,"#N/A",35,"#N/A","#N/A",9865566699,"#N/A","#N/A","#N/A",false,false,"#N/A",Never,false,true,"#N/A",Contract Based,Same,No,"#N/A","#N/A","#N/A","#N/A","#N/A","#N/A","#N/A","#N/A","#N/A","#N/A","#N/A",A,"#N/A","#N/A","#N/A","#N/A","#N/A","#N/A","#N/A",moasp.salesforce.com,false,"#N/A"
b55b28cf-76c7-440a-947c-030846397ccb,"#N/A",A,"#N/A","#N/A","#N/A","#N/A","#N/A","#N/A","#N/A","#N/A","#N/A","#N/A",false,"#N/A",false,"#N/A","#N/A","#N/A","#N/A","#N/A",Banking,"#N/A",Account_EZbgh,"#N/A",117,"#N/A","#N/A",4147347462,"#N/A","#N/A","#N/A",false,false,"#N/A",Never,false,true,"#N/A",Contract Based,Same,No,"#N/A","#N/A","#N/A","#N/A","#N/A","#N/A","#N/A","#N/A","#N/A","#N/A","#N/A",A,"#N/A","#N/A","#N/A","#N/A","#N/A","#N/A","#N/A",cadly.salesforce.com,false,"#N/A"
b61cdb9f-244b-48d6-8333-6d29b671cd61,"#N/A",A,"#N/A","#N/A","#N/A","#N/A","#N/A","#N/A","#N/A","#N/A","#N/A","#N/A",false,"#N/A",false,"#N/A","#N/A","#N/A","#N/A","#N/A",Banking,"#N/A",Account_KKMNa,"#N/A",568,"#N/A","#N/A",2226010893,"#N/A","#N/A","#N/A",false,false,"#N/A",Never,false,true,"#N/A",Contract Based,Same,No,"#N/A","#N/A","#N/A","#N/A","#N/A","#N/A","#N/A","#N/A","#N/A","#N/A","#N/A",A,"#N/A","#N/A","#N/A","#N/A","#N/A","#N/A","#N/A",vsznq.salesforce.com,false,"#N/A"
b7d25306-1a5f-4152-a225-8cb78874ebfc,"#N/A",A,"#N/A","#N/A","#N/A","#N/A","#N/A","#N/A","#N/A","#N/A","#N/A","#N/A",false,"#N/A",false,"#N/A","#N/A","#N/A","#N/A","#N/A",Banking,"#N/A",Account_fJOLj,"#N/A",241,"#N/A","#N/A",3815036011,"#N/A","#N/A","#N/A",false,false,"#N/A",Never,false,true,"#N/A",Contract Based,Same,No,"#N/A","#N/A","#N/A","#N/A","#N/A","#N/A","#N/A","#N/A","#N/A","#N/A","#N/A",A,"#N/A","#N/A","#N/A","#N/A","#N/A","#N/A","#N/A",gpwln.salesforce.com,false,"#N/A"
b967a155-3e81-4f75-a579-e5a45d09c3cc,"#N/A",A,"#N/A","#N/A","#N/A","#N/A","#N/A","#N/A","#N/A","#N/A","#N/A","#N/A",false,"#N/A",false,"#N/A","#N/A","#N/A","#N/A","#N/A",Banking,"#N/A",Account_xnfGV,"#N/A",439,"#N/A","#N/A",8207909048,"#N/A","#N/A","#N/A",false,false,"#N/A",Never,false,true,"#N/A",Contract Based,Same,No,"#N/A","#N/A","#N/A","#N/A","#N/A","#N/A","#N/A","#N/A","#N/A","#N/A","#N/A",A,"#N/A","#N/A","#N/A","#N/A","#N/A","#N/A","#N/A",iwpfv.salesforce.com,false,"#N/A"
bb3f8886-f6a9-4fb4-9915-8793e1ba3594,"#N/A",A,"#N/A","#N/A","#N/A","#N/A","#N/A","#N/A","#N/A","#N/A","#N/A","#N/A",false,"#N/A",false,"#N/A","#N/A","#N/A","#N/A","#N/A",Banking,"#N/A",Account_EOqHT,"#N/A",345,"#N/A","#N/A",2797848090,"#N/A","#N/A","#N/A",false,false,"#N/A",Never,false,true,"#N/A",Contract Based,Same,No,"#N/A","#N/A","#N/A","#N/A","#N/A","#N/A","#N/A","#N/A","#N/A","#N/A","#N/A",A,"#N/A","#N/A","#N/A","#N/A","#N/A","#N/A","#N/A",cwyzb.salesforce.com,false,"#N/A"
bd651f0b-4240-437e-abfb-6e39e38f6ebb,"#N/A",A,"#N/A","#N/A","#N/A","#N/A","#N/A","#N/A","#N/A","#N/A","#N/A","#N/A",false,"#N/A",false,"#N/A","#N/A","#N/A","#N/A","#N/A",Banking,"#N/A",Account_kmJZv,"#N/A",994,"#N/A","#N/A",1676709379,"#N/A","#N/A","#N/A",false,false,"#N/A",Never,false,true,"#N/A",Contract Based,Same,No,"#N/A","#N/A","#N/A","#N/A","#N/A","#N/A","#N/A","#N/A","#N/A","#N/A","#N/A",A,"#N/A","#N/A","#N/A","#N/A","#N/A","#N/A","#N/A",lwxfn.salesforce.com,false,"#N/A"
bd68c4da-74a8-4539-93e4-7ef451f09796,"#N/A",A,"#N/A","#N/A","#N/A","#N/A","#N/A","#N/A","#N/A","#N/A","#N/A","#N/A",false,"#N/A",false,"#N/A","#N/A","#N/A","#N/A","#N/A",Banking,"#N/A",Account_lDmpR,"#N/A",748,"#N/A","#N/A",3700149338,"#N/A","#N/A","#N/A",false,false,"#N/A",Never,false,true,"#N/A",Contract Based,Same,No,"#N/A","#N/A","#N/A","#N/A","#N/A","#N/A","#N/A","#N/A","#N/A","#N/A","#N/A",A,"#N/A","#N/A","#N/A","#N/A","#N/A","#N/A","#N/A",swvqa.salesforce.com,false,"#N/A"
c02dc557-39a4-4327-87c9-49086643a2b7,"#N/A",A,"#N/A","#N/A","#N/A","#N/A","#N/A","#N/A","#N/A","#N/A","#N/A","#N/A",false,"#N/A",false,"#N/A","#N/A","#N/A","#N/A","#N/A",Banking,"#N/A",Account_SPVCo,"#N/A",977,"#N/A","#N/A",1062295237,"#N/A","#N/A","#N/A",false,false,"#N/A",Never,false,true,"#N/A",Contract Based,Same,No,"#N/A","#N/A","#N/A","#N/A","#N/A","#N/A","#N/A","#N/A","#N/A","#N/A","#N/A",A,"#N/A","#N/A","#N/A","#N/A","#N/A","#N/A","#N/A",ekqnl.salesforce.com,false,"#N/A"
c15a1099-3add-4988-b179-003d2f2eec62,"#N/A",A,"#N/A","#N/A","#N/A","#N/A","#N/A","#N/A","#N/A","#N/A","#N/A","#N/A",false,"#N/A",false,"#N/A","#N/A","#N/A","#N/A","#N/A",Banking,"#N/A",Account_Ortym,"#N/A",829,"#N/A","#N/A",2121082500,"#N/A","#N/A","#N/A",false,false,"#N/A",Never,false,true,"#N/A",Contract Based,Same,No,"#N/A","#N/A","#N/A","#N/A","#N/A","#N/A","#N/A","#N/A","#N/A","#N/A","#N/A",A,"#N/A","#N/A","#N/A","#N/A","#N/A","#N/A","#N/A",mczwq.salesforce.com,false,"#N/A"
c352320e-a83f-43a8-8c16-58801c30148b,"#N/A",A,"#N/A","#N/A","#N/A","#N/A","#N/A","#N/A","#N/A","#N/A","#N/A","#N/A",false,"#N/A",false,"#N/A","#N/A","#N/A","#N/A","#N/A","#N/A","#N/A",SkipUpdateTest,"#N/A","#N/A","#N/A","#N/A","#N/A","#N/A","#N/A","#N/A",false,false,"#N/A",Never,false,true,"#N/A",Contract Based,Same,No,"#N/A","#N/A","#N/A","#N/A","#N/A","#N/A","#N/A","#N/A","#N/A","#N/A","#N/A",A,"#N/A","#N/A","#N/A","#N/A","#N/A","#N/A","#N/A","#N/A",false,"#N/A"
c67765dc-8283-4e40-86d9-9f7e592daa3c,"#N/A",A,"#N/A","#N/A","#N/A","#N/A","#N/A","#N/A","#N/A","#N/A","#N/A","#N/A",false,"#N/A",false,"#N/A","#N/A","#N/A","#N/A","#N/A",Banking,"#N/A",Account_COMwB,"#N/A",121,"#N/A","#N/A",4179361886,"#N/A","#N/A","#N/A",false,false,"#N/A",Never,false,true,"#N/A",Contract Based,Same,No,"#N/A","#N/A","#N/A","#N/A","#N/A","#N/A","#N/A","#N/A","#N/A","#N/A","#N/A",A,"#N/A","#N/A","#N/A","#N/A","#N/A","#N/A","#N/A",sfaoc.salesforce.com,false,"#N/A"
c6b4cf85-d46b-4d81-9009-6004ce488039,"#N/A",A,"#N/A","#N/A","#N/A","#N/A","#N/A","#N/A","#N/A","#N/A","#N/A","#N/A",false,"#N/A",false,"#N/A","#N/A","#N/A","#N/A","#N/A",Banking,"#N/A",Account_DBdzw,"#N/A",884,"#N/A","#N/A",9829898799,"#N/A","#N/A","#N/A",false,false,"#N/A",Never,false,true,"#N/A",Contract Based,Same,No,"#N/A","#N/A","#N/A","#N/A","#N/A","#N/A","#N/A","#N/A","#N/A","#N/A","#N/A",A,"#N/A","#N/A","#N/A","#N/A","#N/A","#N/A","#N/A",uuqtd.salesforce.com,false,"#N/A"
c7eb7fd4-129f-4ef2-ba3e-b8eac6dd1474,"#N/A",A,"#N/A","#N/A","#N/A","#N/A","#N/A","#N/A","#N/A","#N/A","#N/A","#N/A",false,"#N/A",false,"#N/A","#N/A","#N/A","#N/A","#N/A",Banking,"#N/A",Account_qzYcm,"#N/A",29,"#N/A","#N/A",7010244417,"#N/A","#N/A","#N/A",false,false,"#N/A",Never,false,true,"#N/A",Contract Based,Same,No,"#N/A","#N/A","#N/A","#N/A","#N/A","#N/A","#N/A","#N/A","#N/A","#N/A","#N/A",A,"#N/A","#N/A","#N/A","#N/A","#N/A","#N/A","#N/A",igpds.salesforce.com,false,"#N/A"
cb943856-4519-4f6d-abe7-91e811121374,"#N/A",A,"#N/A","#N/A","#N/A","#N/A","#N/A","#N/A","#N/A","#N/A","#N/A","#N/A",false,"#N/A",false,"#N/A","#N/A","#N/A","#N/A","#N/A","#N/A","#N/A",Account X,"#N/A","#N/A","#N/A","#N/A","#N/A","#N/A","#N/A","#N/A",false,false,"#N/A",Never,false,true,"#N/A",Contract Based,Same,No,"#N/A","#N/A","#N/A","#N/A","#N/A","#N/A","#N/A","#N/A","#N/A","#N/A","#N/A",A,"#N/A","#N/A","#N/A","#N/A","#N/A","#N/A","#N/A","#N/A",false,"#N/A"
cc0c8d52-ae5c-4442-a362-ed30eadf16a7,"#N/A",A,"#N/A","#N/A","#N/A","#N/A","#N/A","#N/A","#N/A","#N/A","#N/A","#N/A",false,"#N/A",false,"#N/A","#N/A","#N/A","#N/A","#N/A",Banking,"#N/A",Account_Yrtgc,"#N/A",834,"#N/A","#N/A",2137683799,"#N/A","#N/A","#N/A",false,false,"#N/A",Never,false,true,"#N/A",Contract Based,Same,No,"#N/A","#N/A","#N/A","#N/A","#N/A","#N/A","#N/A","#N/A","#N/A","#N/A","#N/A",A,"#N/A","#N/A","#N/A","#N/A","#N/A","#N/A","#N/A",rfznu.salesforce.com,false,"#N/A"
ceed6d09-0027-4e1d-9c46-c83fa58a5790,"#N/A",A,"#N/A","#N/A","#N/A","#N/A","#N/A","#N/A","#N/A","#N/A","#N/A","#N/A",false,"#N/A",false,"#N/A","#N/A","#N/A","#N/A","#N/A",Banking,"#N/A",Account_JPSpS,"#N/A",580,"#N/A","#N/A",8772217015,"#N/A","#N/A","#N/A",false,false,"#N/A",Never,false,true,"#N/A",Contract Based,Same,No,"#N/A","#N/A","#N/A","#N/A","#N/A","#N/A","#N/A","#N/A","#N/A","#N/A","#N/A",A,"#N/A","#N/A","#N/A","#N/A","#N/A","#N/A","#N/A",zygyj.salesforce.com,false,"#N/A"
cf49c8b4-f823-47fc-86d5-b4a1dd9b9d46,"#N/A",A,"#N/A","#N/A","#N/A","#N/A","#N/A","#N/A","#N/A","#N/A","#N/A","#N/A",false,"#N/A",false,"#N/A",hi,"#N/A","#N/A","#N/A","#N/A","#N/A",Test account new1,"#N/A","#N/A","#N/A","#N/A","#N/A","#N/A","#N/A","#N/A",false,false,"#N/A",Never,false,true,"#N/A",Contract Based,Same,No,"#N/A","#N/A","#N/A","#N/A","#N/A","#N/A","#N/A","#N/A","#N/A","#N/A","#N/A",A,"#N/A","#N/A",Test pvt ltd,"#N/A","#N/A","#N/A","#N/A","#N/A",false,"#N/A"
d4d8c926-27eb-4cf5-9d10-b83bbcf2eed8,"#N/A",A,"#N/A","#N/A","#N/A","#N/A","#N/A","#N/A","#N/A","#N/A","#N/A","#N/A",false,"#N/A",false,"#N/A","#N/A","#N/A","#N/A","#N/A",Banking,"#N/A",Account_jbGpP,"#N/A",124,"#N/A","#N/A",3290239053,"#N/A","#N/A","#N/A",false,false,"#N/A",Never,false,true,"#N/A",Contract Based,Same,No,"#N/A","#N/A","#N/A","#N/A","#N/A","#N/A","#N/A","#N/A","#N/A","#N/A","#N/A",A,"#N/A","#N/A","#N/A","#N/A","#N/A","#N/A","#N/A",cuisn.salesforce.com,false,"#N/A"
d582c1e4-2787-4246-8d7e-1a3dded25906,"#N/A",A,"#N/A","#N/A","#N/A","#N/A","#N/A","#N/A","#N/A","#N/A","#N/A","#N/A",false,"#N/A",false,"#N/A","#N/A","#N/A","#N/A","#N/A",Banking,"#N/A",Account_vmUcC,"#N/A",715,"#N/A","#N/A",3698110228,"#N/A","#N/A","#N/A",false,false,"#N/A",Never,false,true,"#N/A",Contract Based,Same,No,"#N/A","#N/A","#N/A","#N/A","#N/A","#N/A","#N/A","#N/A","#N/A","#N/A","#N/A",A,"#N/A","#N/A","#N/A","#N/A","#N/A","#N/A","#N/A",rfhpc.salesforce.com,false,"#N/A"
d736cd1d-d414-4488-94ab-c74142edcbd6,"#N/A",A,"#N/A","#N/A","#N/A","#N/A","#N/A","#N/A","#N/A","#N/A","#N/A","#N/A",false,"#N/A",false,"#N/A","#N/A","#N/A","#N/A","#N/A",Banking,"#N/A",Account_owAtf,"#N/A",827,"#N/A","#N/A",9374238180,"#N/A","#N/A","#N/A",false,false,"#N/A",Never,false,true,"#N/A",Contract Based,Same,No,"#N/A","#N/A","#N/A","#N/A","#N/A","#N/A","#N/A","#N/A","#N/A","#N/A","#N/A",A,"#N/A","#N/A","#N/A","#N/A","#N/A","#N/A","#N/A",pspod.salesforce.com,false,"#N/A"
d79f256f-7815-40d2-845f-cb3e6319aabe,"#N/A",A,"#N/A","#N/A","#N/A","#N/A","#N/A","#N/A","#N/A","#N/A","#N/A","#N/A",false,"#N/A",false,"#N/A","#N/A","#N/A","#N/A","#N/A",Banking,"#N/A",Account_IakqU,"#N/A",20,"#N/A","#N/A",6787495326,"#N/A","#N/A","#N/A",false,false,"#N/A",Never,false,true,"#N/A",Contract Based,Same,No,"#N/A","#N/A","#N/A","#N/A","#N/A","#N/A","#N/A","#N/A","#N/A","#N/A","#N/A",A,"#N/A","#N/A","#N/A","#N/A","#N/A","#N/A","#N/A",hxipd.salesforce.com,false,"#N/A"
d86a1e81-c4ea-4cbb-bff3-63c94a5bea3d,"#N/A",A,"#N/A","#N/A","#N/A","#N/A","#N/A","#N/A","#N/A","#N/A","#N/A","#N/A",false,"#N/A",false,"#N/A","#N/A","#N/A","#N/A","#N/A",Banking,"#N/A",Account_VpbUY,"#N/A",456,"#N/A","#N/A",3763122737,"#N/A","#N/A","#N/A",false,false,"#N/A",Never,false,true,"#N/A",Contract Based,Same,No,"#N/A","#N/A","#N/A","#N/A","#N/A","#N/A","#N/A","#N/A","#N/A","#N/A","#N/A",A,"#N/A","#N/A","#N/A","#N/A","#N/A","#N/A","#N/A",racda.salesforce.com,false,"#N/A"
d930e98e-b617-4749-b16f-34a77bb7eebb,"#N/A",A,"#N/A","#N/A","#N/A","#N/A","#N/A","#N/A","#N/A","#N/A","#N/A","#N/A",false,"#N/A",false,"#N/A","#N/A","#N/A","#N/A","#N/A",Banking,"#N/A",Account_DBdzw,"#N/A",884,"#N/A","#N/A",9829898799,"#N/A","#N/A","#N/A",false,false,"#N/A",Never,false,true,"#N/A",Contract Based,Same,No,"#N/A","#N/A","#N/A","#N/A","#N/A","#N/A","#N/A","#N/A","#N/A","#N/A","#N/A",A,"#N/A","#N/A","#N/A","#N/A","#N/A","#N/A","#N/A",uuqtd.salesforce.com,false,"#N/A"
dea0fb3b-9d1a-4029-b4b6-3decd3c9c6e6,"#N/A",A,"#N/A","#N/A","#N/A","#N/A","#N/A","#N/A","#N/A","#N/A","#N/A","#N/A",false,"#N/A",false,"#N/A","#N/A","#N/A","#N/A","#N/A",Banking,"#N/A",Account_kWJzx,"#N/A",828,"#N/A","#N/A",3668925622,"#N/A","#N/A","#N/A",false,false,"#N/A",Never,false,true,"#N/A",Contract Based,Same,No,"#N/A","#N/A","#N/A","#N/A","#N/A","#N/A","#N/A","#N/A","#N/A","#N/A","#N/A",A,"#N/A","#N/A","#N/A","#N/A","#N/A","#N/A","#N/A",kqike.salesforce.com,false,"#N/A"
dea7affa-ba9e-447e-b333-5a4123082695,"#N/A",A,"#N/A","#N/A","#N/A","#N/A","#N/A","#N/A","#N/A","#N/A","#N/A","#N/A",false,"#N/A",false,"#N/A","#N/A","#N/A","#N/A","#N/A","#N/A","#N/A",vc_test_EDITED,"#N/A","#N/A","#N/A","#N/A","#N/A","#N/A","#N/A","#N/A",false,false,"#N/A",Never,false,true,"#N/A",Contract Based,Same,No,"#N/A","#N/A","#N/A","#N/A","#N/A","#N/A","#N/A","#N/A","#N/A","#N/A","#N/A",A,"#N/A","#N/A","#N/A","#N/A","#N/A","#N/A","#N/A","#N/A",false,"#N/A"
e0e647bc-ab5f-43b4-978f-69c084723a2a,"#N/A",A,"#N/A","#N/A","#N/A","#N/A","#N/A","#N/A","#N/A","#N/A","#N/A","#N/A",false,"#N/A",false,"#N/A","#N/A","#N/A","#N/A","#N/A",Banking,"#N/A",Account_EdYqX,"#N/A",633,"#N/A","#N/A",4283404724,"#N/A","#N/A","#N/A",false,false,"#N/A",Never,false,true,"#N/A",Contract Based,Same,No,"#N/A","#N/A","#N/A","#N/A","#N/A","#N/A","#N/A","#N/A","#N/A","#N/A","#N/A",A,"#N/A","#N/A","#N/A","#N/A","#N/A","#N/A","#N/A",baomj.salesforce.com,false,"#N/A"
e13e689b-99a1-49b6-8f3f-66f993469c91,"#N/A",A,"#N/A","#N/A","#N/A","#N/A","#N/A","#N/A","#N/A","#N/A","#N/A","#N/A",false,"#N/A",false,"#N/A","#N/A","#N/A","#N/A","#N/A",Banking,"#N/A",Account_ziUEp,"#N/A",29,"#N/A","#N/A",5861246800,"#N/A","#N/A","#N/A",false,false,"#N/A",Never,false,true,"#N/A",Contract Based,Same,No,"#N/A","#N/A","#N/A","#N/A","#N/A","#N/A","#N/A","#N/A","#N/A","#N/A","#N/A",A,"#N/A","#N/A","#N/A","#N/A","#N/A","#N/A","#N/A",bnuik.salesforce.com,false,"#N/A"
e1c4346f-ce78-4416-b245-2c3a4e9358f1,"#N/A",A,"#N/A","#N/A","#N/A","#N/A","#N/A","#N/A","#N/A","#N/A","#N/A","#N/A",false,"#N/A",false,"#N/A","#N/A","#N/A","#N/A","#N/A","#N/A","#N/A",Account update,"#N/A","#N/A","#N/A","#N/A","#N/A","#N/A","#N/A","#N/A",false,false,"#N/A",Never,false,true,"#N/A",Contract Based,Same,No,"#N/A","#N/A","#N/A","#N/A","#N/A","#N/A","#N/A","#N/A","#N/A","#N/A","#N/A",A,"#N/A","#N/A","#N/A","#N/A","#N/A",Account 2,"#N/A","#N/A",false,"#N/A"
e6229501-ba1b-4843-8da0-91193b0e347d,"#N/A",A,"#N/A","#N/A","#N/A","#N/A","#N/A","#N/A","#N/A","#N/A","#N/A","#N/A",false,"#N/A",false,"#N/A","#N/A","#N/A","#N/A","#N/A",Banking,"#N/A",Account_bgxSk,"#N/A",42,"#N/A","#N/A",6756091936,"#N/A","#N/A","#N/A",false,false,"#N/A",Never,false,true,"#N/A",Contract Based,Same,No,"#N/A","#N/A","#N/A","#N/A","#N/A","#N/A","#N/A","#N/A","#N/A","#N/A","#N/A",A,"#N/A","#N/A","#N/A","#N/A","#N/A","#N/A","#N/A",ndyga.salesforce.com,false,"#N/A"
e80fcb74-8d41-4dc5-953a-ec9a09bb493c,"#N/A",A,"#N/A","#N/A","#N/A","#N/A","#N/A","#N/A","#N/A","#N/A","#N/A","#N/A",false,"#N/A",false,"#N/A","#N/A","#N/A","#N/A","#N/A",Banking,"#N/A",Account_nhRat,"#N/A",978,"#N/A","#N/A",8067450833,"#N/A","#N/A","#N/A",false,false,"#N/A",Never,false,true,"#N/A",Contract Based,Same,No,"#N/A","#N/A","#N/A","#N/A","#N/A","#N/A","#N/A","#N/A","#N/A","#N/A","#N/A",A,"#N/A","#N/A","#N/A","#N/A","#N/A","#N/A","#N/A",xmdrr.salesforce.com,false,"#N/A"
ed7fd53a-3506-4ac2-a8bc-332ff3b647dd,"#N/A",A,"#N/A","#N/A","#N/A","#N/A","#N/A","#N/A","#N/A","#N/A","#N/A","#N/A",false,"#N/A",false,"#N/A","#N/A","#N/A","#N/A","#N/A","#N/A","#N/A",regression11.17,"#N/A","#N/A","#N/A","#N/A","#N/A","#N/A","#N/A","#N/A",false,false,"#N/A",Never,false,true,"#N/A",Contract Based,Same,No,"#N/A","#N/A","#N/A","#N/A","#N/A","#N/A","#N/A","#N/A","#N/A","#N/A","#N/A",A,"#N/A","#N/A","#N/A","#N/A","#N/A","#N/A","#N/A","#N/A",false,"#N/A"
eda61c2c-2a78-43d0-a525-9596e587cece,"#N/A",A,"#N/A","#N/A","#N/A","#N/A","#N/A","#N/A","#N/A","#N/A","#N/A","#N/A",false,"#N/A",false,"#N/A","#N/A","#N/A","#N/A","#N/A",Banking,"#N/A",Account_SdkXL,"#N/A",594,"#N/A","#N/A",4876716269,"#N/A","#N/A","#N/A",false,false,"#N/A",Never,false,true,"#N/A",Contract Based,Same,No,"#N/A","#N/A","#N/A","#N/A","#N/A","#N/A","#N/A","#N/A","#N/A","#N/A","#N/A",A,"#N/A","#N/A","#N/A","#N/A","#N/A","#N/A","#N/A",npssl.salesforce.com,false,"#N/A"
ee2a5f07-2d70-4bb4-bcf5-a76719c382ed,"#N/A",A,"#N/A","#N/A","#N/A","#N/A","#N/A","#N/A","#N/A","#N/A","#N/A","#N/A",false,"#N/A",false,"#N/A","#N/A","#N/A","#N/A","#N/A",Banking,"#N/A",Account_JPSpS,"#N/A",580,"#N/A","#N/A",8772217015,"#N/A","#N/A","#N/A",false,false,"#N/A",Never,false,true,"#N/A",Contract Based,Same,No,"#N/A","#N/A","#N/A","#N/A","#N/A","#N/A","#N/A","#N/A","#N/A","#N/A","#N/A",A,"#N/A","#N/A","#N/A","#N/A","#N/A","#N/A","#N/A",zygyj.salesforce.com,false,"#N/A"
f07e649b-4b08-4a41-bab8-b5f8c0a72385,"#N/A",A,"#N/A","#N/A","#N/A","#N/A","#N/A","#N/A","#N/A","#N/A","#N/A","#N/A",false,"#N/A",false,"#N/A","#N/A","#N/A","#N/A","#N/A",Banking,"#N/A",Account_ZHzoE,"#N/A",482,"#N/A","#N/A",1794930334,"#N/A","#N/A","#N/A",false,false,"#N/A",Never,false,true,"#N/A",Contract Based,Same,No,"#N/A","#N/A","#N/A","#N/A","#N/A","#N/A","#N/A","#N/A","#N/A","#N/A","#N/A",A,"#N/A","#N/A","#N/A","#N/A","#N/A","#N/A","#N/A",omzal.salesforce.com,false,"#N/A"
f12dd4f3-3cac-42ff-98ce-40d91bf75158,"#N/A",A,"#N/A","#N/A","#N/A","#N/A","#N/A","#N/A","#N/A","#N/A","#N/A","#N/A",false,"#N/A",false,"#N/A","#N/A","#N/A","#N/A","#N/A",Banking,"#N/A",Account_mapCL,"#N/A",19,"#N/A","#N/A",0765463401,"#N/A","#N/A","#N/A",false,false,"#N/A",Never,false,true,"#N/A",Contract Based,Same,No,"#N/A","#N/A","#N/A","#N/A","#N/A","#N/A","#N/A","#N/A","#N/A","#N/A","#N/A",A,"#N/A","#N/A","#N/A","#N/A","#N/A","#N/A","#N/A",bpxrq.salesforce.com,false,"#N/A"
f551b65f-37d8-4d8f-8cb0-75cd2f4192e9,"#N/A",A,"#N/A","#N/A","#N/A","#N/A","#N/A","#N/A","#N/A","#N/A","#N/A","#N/A",false,"#N/A",false,"#N/A","#N/A","#N/A","#N/A","#N/A","#N/A","#N/A",MYacc,"#N/A","#N/A","#N/A","#N/A","#N/A","#N/A","#N/A","#N/A",false,false,"#N/A",Never,false,false,"#N/A","#N/A",Same,No,"#N/A","#N/A","#N/A","#N/A","#N/A","#N/A","#N/A","#N/A","#N/A","#N/A","#N/A",A,"#N/A","#N/A","#N/A","#N/A","#N/A","#N/A","#N/A","#N/A",false,"#N/A"
f9ea9b58-aa28-42a8-aba8-39a02a443635,"#N/A",A,"#N/A","#N/A","#N/A","#N/A","#N/A","#N/A","#N/A","#N/A","#N/A","#N/A",false,"#N/A",false,"#N/A","#N/A","#N/A","#N/A","#N/A",Banking,"#N/A",Account_Svfls,"#N/A",634,"#N/A","#N/A",2618266238,"#N/A","#N/A","#N/A",false,false,"#N/A",Never,false,true,"#N/A",Contract Based,Same,No,"#N/A","#N/A","#N/A","#N/A","#N/A","#N/A","#N/A","#N/A","#N/A","#N/A","#N/A",A,"#N/A","#N/A","#N/A","#N/A","#N/A","#N/A","#N/A",cylcj.salesforce.com,false,"#N/A"
fb728de0-2ddb-4a52-bcb1-30ce33e2646d,"#N/A",A,"#N/A","#N/A","#N/A","#N/A","#N/A","#N/A","#N/A","#N/A","#N/A","#N/A",false,"#N/A",false,"#N/A","#N/A","#N/A","#N/A","#N/A",Banking,"#N/A",Account_RwmdF,"#N/A",18,"#N/A","#N/A",9319881926,"#N/A","#N/A","#N/A",false,false,"#N/A",Never,false,true,"#N/A",Contract Based,Same,No,"#N/A","#N/A","#N/A","#N/A","#N/A","#N/A","#N/A","#N/A","#N/A","#N/A","#N/A",A,"#N/A","#N/A","#N/A","#N/A","#N/A","#N/A","#N/A",silsb.salesforce.com,false,"#N/A"
fbd3bf6e-79d6-4a32-b25e-b75a2f75d805,"#N/A",A,"#N/A","#N/A","#N/A","#N/A","#N/A","#N/A","#N/A","#N/A","#N/A","#N/A",false,"#N/A",false,"#N/A","#N/A","#N/A","#N/A","#N/A",Banking,"#N/A",Account_JjXIh,"#N/A",631,"#N/A","#N/A",0833395696,"#N/A","#N/A","#N/A",false,false,"#N/A",Never,false,true,"#N/A",Contract Based,Same,No,"#N/A","#N/A","#N/A","#N/A","#N/A","#N/A","#N/A","#N/A","#N/A","#N/A","#N/A",A,"#N/A","#N/A","#N/A","#N/A","#N/A","#N/A","#N/A",xkdqd.salesforce.com,false,"#N/A"
fe9c1406-ebd5-4e00-ab27-7cdab6d58978,"#N/A",A,"#N/A","#N/A","#N/A","#N/A","#N/A","#N/A","#N/A","#N/A","#N/A","#N/A",false,"#N/A",false,"#N/A","#N/A","#N/A","#N/A","#N/A",Banking,"#N/A",Account_QDwzI,"#N/A",820,"#N/A","#N/A",0035436855,"#N/A","#N/A","#N/A",false,false,"#N/A",Never,false,true,"#N/A",Contract Based,Same,No,"#N/A","#N/A","#N/A","#N/A","#N/A","#N/A","#N/A","#N/A","#N/A","#N/A","#N/A",A,"#N/A","#N/A","#N/A","#N/A","#N/A","#N/A","#N/A",yfazr.salesforce.com,false,"#N/A"
